Date,Outfall Location,CSO_ID,TotalMinutes_combined,Volume_combined,Discharge Latitude,Discharge Longitude,Treated?,notes
01-16-2021,"Baxter Park/Assembly Row, just downstream of Rte. 28 Bridge",SOM007A/ MWR205A,15,0.02,NA,NA,NA,NA
01-16-2021,Draw Seven Park,MWR205,221,5.53,NA,NA,NA,NA
01-16-2021,"Upper Inner Harbor, upstream of N. Washington St. bridge",MWR203,239,15.31,NA,NA,NA,NA
01-17-2022,"Baxter Park/Assembly Row, just downstream of Rte. 28 Bridge",SOM007A/ MWR205A,120,0.36,NA,NA,NA,NA
01-17-2022,Draw Seven Park,MWR205,274,3.07,NA,NA,NA,NA
01-17-2022,"Upper Inner Harbor, upstream of N. Washington St. bridge",MWR203,156,7.6,NA,NA,NA,NA
01-20-2023,Draw Seven Park,MWR205,30,0.86,NA,NA,NA,NA
01-23-2023,Draw Seven Park,MWR205,16,0.25,NA,NA,NA,NA
01-25-2020,Draw Seven Park,MWR205,126,0.31,NA,NA,NA,NA
01-26-2023,"Baxter Park/Assembly Row, just downstream of Rte. 28 Bridge",SOM007A/ MWR205A,185,4.08,NA,NA,NA,NA
01-26-2023,Draw Seven Park,MWR205,278,4.57,NA,NA,NA,NA
01-26-2023,"Upper Inner Harbor, upstream of N. Washington St. bridge",MWR203,218,14.7,NA,NA,NA,NA
02-04-2022,Draw Seven Park,MWR205,99,4.37,NA,NA,NA,NA
02-04-2022,"Upper Inner Harbor, upstream of N. Washington St. bridge",MWR203,139,8.47,NA,NA,NA,NA
02-08-2022,Draw Seven Park,MWR205,129,1.77,NA,NA,NA,NA
02-08-2022,"Upper Inner Harbor, upstream of N. Washington St. bridge",MWR203,62,3.28,NA,NA,NA,NA
02-16-2021,Draw Seven Park,MWR205,18,0.45,NA,NA,NA,NA
02-27-2020,Draw Seven Park,MWR205,207,2.12,NA,NA,NA,NA
03-02-2023,"Baxter Park/Assembly Row, just downstream of Rte. 28 Bridge",SOM007A/ MWR205A,75,0.7,NA,NA,NA,NA
03-02-2023,Draw Seven Park,MWR205,185,0.9,NA,NA,NA,NA
03-04-2023,Draw Seven Park,MWR205,172,0.25,NA,NA,NA,NA
03-14-2023,"Baxter Park/Assembly Row, just downstream of Rte. 28 Bridge",SOM007A/ MWR205A,255,4.45,NA,NA,NA,NA
03-14-2023,Between Magazine Park and BU Bridge,MWR201,196,12.11,NA,NA,NA,NA
03-14-2023,Draw Seven Park,MWR205,739,16.82,NA,NA,NA,NA
03-14-2023,"Upper Inner Harbor, upstream of N. Washington St. bridge",MWR203,578,47.99,NA,NA,NA,NA
03-23-2020,"Baxter Park/Assembly Row, just downstream of Rte. 28 Bridge",SOM007A/ MWR205A,282,1.36,NA,NA,NA,NA
03-23-2020,Draw Seven Park,MWR205,366,5.15,NA,NA,NA,NA
03-23-2020,"Upper Inner Harbor, upstream of N. Washington St. bridge",MWR203,344,25.25,NA,NA,NA,NA
03-25-2022,Draw Seven Park,MWR205,111,0.6,NA,NA,NA,NA
03-28-2021,Draw Seven Park,MWR205,41,1.22,NA,NA,NA,NA
04-01-2021,Draw Seven Park,MWR205,94,1.65,NA,NA,NA,NA
04-03-2020,"Baxter Park/Assembly Row, just downstream of Rte. 28 Bridge",SOM007A/ MWR205A,148,0.02,NA,NA,NA,NA
04-03-2020,Draw Seven Park,MWR205,170,0.2,NA,NA,NA,NA
04-13-2020,Draw Seven Park,MWR205,113,0.79,NA,NA,NA,NA
04-16-2021,"Baxter Park/Assembly Row, just downstream of Rte. 28 Bridge",SOM007A/ MWR205A,201,1.99,NA,NA,NA,NA
04-16-2021,Draw Seven Park,MWR205,426,5.87,NA,NA,NA,NA
04-16-2021,"Upper Inner Harbor, upstream of N. Washington St. bridge",MWR203,263,13.05,NA,NA,NA,NA
04-19-2022,"Baxter Park/Assembly Row, just downstream of Rte. 28 Bridge",SOM007A/ MWR205A,15,0.04,NA,NA,NA,NA
04-19-2022,Draw Seven Park,MWR205,165,6.07,NA,NA,NA,NA
04-19-2022,"Upper Inner Harbor, upstream of N. Washington St. bridge",MWR203,162,9.78,NA,NA,NA,NA
04-21-2020,Draw Seven Park,MWR205,95,0.53,NA,NA,NA,NA
04-29-2021,Draw Seven Park,MWR205,27,0.77,NA,NA,NA,NA
04-30-2023,"Baxter Park/Assembly Row, just downstream of Rte. 28 Bridge",SOM007A/ MWR205A,35,0.39,NA,NA,NA,NA
04-30-2023,Draw Seven Park,MWR205,217,4.25,NA,NA,NA,NA
04-30-2023,Draw Seven Park,MWR205,217,4.25,NA,NA,NA,NA
05-01-2020,Draw Seven Park,MWR205,156,2.07,NA,NA,NA,NA
05-01-2020,"Upper Inner Harbor, upstream of N. Washington St. bridge",MWR203,110,5.3,NA,NA,NA,NA
05-01-2023,"Upper Inner Harbor, upstream of N. Washington St. bridge",MWR203,133,8.19,NA,NA,NA,NA
05-05-2021,Draw Seven Park,MWR205,23,0.4,NA,NA,NA,NA
05-15-2020,Draw Seven Park,MWR205,121,1.08,NA,NA,NA,NA
05-20-2023,"Baxter Park/Assembly Row, just downstream of Rte. 28 Bridge",SOM007A/ MWR205A,180,6,NA,NA,NA,NA
05-20-2023,Draw Seven Park,MWR205,287,6.43,NA,NA,NA,NA
05-21-2023,Alewife Brook Reservation near Alewife T station,MWR003,37,0.03,42.397102,-71.144062,NA,NA
05-21-2023,Between Magazine Park and BU Bridge,MWR201,38,1.79,NA,NA,NA,NA
05-21-2023,"Upper Inner Harbor, upstream of N. Washington St. bridge",MWR203,224,19.07,NA,NA,NA,NA
05-28-2021,"Baxter Park/Assembly Row, just downstream of Rte. 28 Bridge",SOM007A/ MWR205A,285,5.46,NA,NA,NA,NA
05-28-2021,Draw Seven Park,MWR205,490,11.18,NA,NA,NA,NA
05-28-2022,Draw Seven Park,MWR205,20,0.14,NA,NA,NA,NA
05-29-2021,"Upper Inner Harbor, upstream of N. Washington St. bridge",MWR203,423,28.09,NA,NA,NA,NA
06-02-2023,Draw Seven Park,MWR205,19,0.02,NA,NA,NA,NA
06-05-2020,Draw Seven Park,MWR205,45,0.78,NA,NA,NA,NA
06-09-2022,Draw Seven Park,MWR205,124,1.03,NA,NA,NA,NA
06-10-2023,"Baxter Park/Assembly Row, just downstream of Rte. 28 Bridge",SOM007A/ MWR205A,10,0.03,NA,NA,NA,NA
06-10-2023,Draw Seven Park,MWR205,99,0.14,NA,NA,NA,NA
06-11-2020,Draw Seven Park,MWR205,202,2.5,NA,NA,NA,NA
06-12-2023,Draw Seven Park,MWR205,18,0.01,NA,NA,NA,NA
06-14-2023,"Baxter Park/Assembly Row, just downstream of Rte. 28 Bridge",SOM007A/ MWR205A,50,0.26,NA,NA,NA,NA
06-14-2023,Draw Seven Park,MWR205,121,0.84,NA,NA,NA,NA
06-17-2023,Draw Seven Park,MWR205,45,1.64,NA,NA,NA,NA
06-22-2021,"Boston side of river, near Fenway exit from Storrow Drive",MWR023,15,0.12,42.351704,-71.092425,NA,NA
06-22-2021,Downstream end of Charles R. Esplanade,MWR020,45,0.16,42.356744,-71.076136,NA,NA
06-22-2021,Draw Seven Park,MWR205,97,4.67,NA,NA,NA,NA
06-22-2021,Middle of Charles R. Esplanade,MWR019,45,0.18,42.355018,-71.080919,NA,NA
06-22-2021,"Upper Inner Harbor, upstream of N. Washington St. bridge",MWR203,235,17.65,NA,NA,NA,NA
06-22-2021,Upstream end of Charles R. Esplanade,MWR018,55,0.46,42.352763,-71.087414,NA,NA
06-27-2022,Draw Seven Park,MWR205,82,2.43,NA,NA,NA,NA
06-27-2022,"Upper Inner Harbor, upstream of N. Washington St. bridge",MWR203,78,3.1,NA,NA,NA,NA
06-28-2020,Between Magazine Park and BU Bridge,MWR201,80,4.03,NA,NA,NA,NA
06-28-2020,Draw Seven Park,MWR205,171,2.1,NA,NA,NA,NA
06-28-2020,"Upper Inner Harbor, upstream of N. Washington St. bridge",MWR203,236,13.16,NA,NA,NA,NA
06-29-2020,"Baxter Park/Assembly Row, just downstream of Rte. 28 Bridge",SOM007A/ MWR205A,24,0.1,NA,NA,NA,NA
06-29-2020,Draw Seven Park,MWR205,82,3.94,NA,NA,NA,NA
06-29-2020,"Upper Inner Harbor, upstream of N. Washington St. bridge",MWR203,120,5.47,NA,NA,NA,NA
07-01-2021,Draw Seven Park,MWR205,690,21.18,NA,NA,NA,NA
07-01-2021,"Upper Inner Harbor, upstream of N. Washington St. bridge",MWR203,520,58.45,NA,NA,NA,NA
07-02-2021,Alewife Brook Reservation near Alewife T station,MWR003,75,3.02,42.397102,-71.144062,NA,NA
07-02-2021,"Baxter Park/Assembly Row, just downstream of Rte. 28 Bridge",SOM007A/ MWR205A,185,5.25,NA,NA,NA,NA
07-02-2021,Between Magazine Park and BU Bridge,MWR201,239,13.76,NA,NA,NA,NA
07-02-2021,"Boston side of river, near Fenway exit from Storrow Drive",MWR023,86,0.91,42.351704,-71.092425,NA,NA
07-02-2021,Downstream end of Charles R. Esplanade,MWR020,56,0.38,42.356744,-71.076136,NA,NA
07-02-2021,Middle of Charles R. Esplanade,MWR019,72,0.7,42.355018,-71.080919,NA,NA
07-02-2021,Upstream end of Charles R. Esplanade,MWR018,92,1.64,42.352763,-71.087414,NA,NA
07-03-2021,"Baxter Park/Assembly Row, just downstream of Rte. 28 Bridge",SOM007A/ MWR205A,165,3.24,NA,NA,NA,NA
07-03-2021,Draw Seven Park,MWR205,384,9.79,NA,NA,NA,NA
07-03-2021,"Upper Inner Harbor, upstream of N. Washington St. bridge",MWR203,370,26.38,NA,NA,NA,NA
07-03-2023,"Baxter Park/Assembly Row, just downstream of Rte. 28 Bridge",SOM007A/ MWR205A,15,0.12,NA,NA,NA,NA
07-03-2023,Draw Seven Park,MWR205,104,2.5,NA,NA,NA,NA
07-03-2023,"Upper Inner Harbor, upstream of N. Washington St. bridge",MWR203,87,5.1,NA,NA,NA,NA
07-09-2021,Alewife Brook Reservation near Alewife T station,MWR003,147,0.75,42.397102,-71.144062,NA,NA
07-09-2021,"Baxter Park/Assembly Row, just downstream of Rte. 28 Bridge",SOM007A/ MWR205A,236,17.81,NA,NA,NA,NA
07-09-2021,Between Magazine Park and BU Bridge,MWR201,283,21.16,NA,NA,NA,NA
07-09-2021,"Boston side of river, near Fenway exit from Storrow Drive",MWR023,287,3.61,42.351704,-71.092425,NA,NA
07-09-2021,Downstream end of Charles R. Esplanade,MWR020,136,0.07,42.356744,-71.076136,NA,NA
07-09-2021,Draw Seven Park,MWR205,430,24.81,NA,NA,NA,NA
07-09-2021,Middle of Charles R. Esplanade,MWR019,136,0.2,42.355018,-71.080919,NA,NA
07-09-2021,"Upper Inner Harbor, upstream of N. Washington St. bridge",MWR203,468,57.52,NA,NA,NA,NA
07-09-2021,Upstream end of Charles R. Esplanade,MWR018,136,0.91,42.352763,-71.087414,NA,NA
07-10-2023,Draw Seven Park,MWR205,103,2.33,NA,NA,NA,NA
07-10-2023,"Upper Inner Harbor, upstream of N. Washington St. bridge",MWR203,95,5.41,NA,NA,NA,NA
07-12-2021,Draw Seven Park,MWR205,130,6.02,NA,NA,NA,NA
07-12-2021,"Upper Inner Harbor, upstream of N. Washington St. bridge",MWR203,210,15.98,NA,NA,NA,NA
07-14-2020,Draw Seven Park,MWR205,76,0.48,NA,NA,NA,NA
07-16-2023,"Baxter Park/Assembly Row, just downstream of Rte. 28 Bridge",SOM007A/ MWR205A,65,1.1,NA,NA,NA,NA
07-16-2023,Draw Seven Park,MWR205,342,3.96,NA,NA,NA,NA
07-16-2023,"Upper Inner Harbor, upstream of N. Washington St. bridge",MWR203,452,16.86,NA,NA,NA,NA
07-18-2021,Draw Seven Park,MWR205,259,1.37,NA,NA,NA,NA
07-21-2023,"Baxter Park/Assembly Row, just downstream of Rte. 28 Bridge",SOM007A/ MWR205A,55,1.73,NA,NA,NA,NA
07-21-2023,Between Magazine Park and BU Bridge,MWR201,151,8.27,NA,NA,NA,NA
07-21-2023,"Boston side of river, near Fenway exit from Storrow Drive",MWR023,30,0.17,42.351704,-71.092425,NA,NA
07-21-2023,Downstream end of Charles R. Esplanade,MWR020,20,0.04,42.356744,-71.076136,NA,NA
07-21-2023,Draw Seven Park,MWR205,205,9.27,NA,NA,NA,NA
07-21-2023,Middle of Charles R. Esplanade,MWR019,25,0.06,42.355018,-71.080919,NA,NA
07-21-2023,"Upper Inner Harbor, upstream of N. Washington St. bridge",MWR203,299,29.2,NA,NA,NA,NA
07-21-2023,Upstream end of Charles R. Esplanade,MWR018,41,0.15,42.352763,-71.087414,NA,NA
07-22-2020,Draw Seven Park,MWR205,54,0.39,NA,NA,NA,NA
07-23-2020,Draw Seven Park,MWR205,45,1.2,NA,NA,NA,NA
07-23-2020,"Upper Inner Harbor, upstream of N. Washington St. bridge",MWR203,93,4,NA,NA,NA,NA
07-25-2023,"Boston side of river, near Fenway exit from Storrow Drive",MWR023,2,0.01,42.351704,-71.092425,NA,NA
07-25-2023,"Upper Inner Harbor, upstream of N. Washington St. bridge",MWR203,116,5.44,NA,NA,NA,NA
07-27-2021,"Baxter Park/Assembly Row, just downstream of Rte. 28 Bridge",SOM007A/ MWR205A,20,0.31,NA,NA,NA,NA
07-27-2021,Draw Seven Park,MWR205,78,5.37,NA,NA,NA,NA
07-27-2021,"Upper Inner Harbor, upstream of N. Washington St. bridge",MWR203,96,5.59,NA,NA,NA,NA
07-29-2023,"Baxter Park/Assembly Row, just downstream of Rte. 28 Bridge",SOM007A/ MWR205A,310,9.95,NA,NA,NA,NA
07-29-2023,Between Magazine Park and BU Bridge,MWR201,279,16.83,NA,NA,NA,NA
07-29-2023,"Boston side of river, near Fenway exit from Storrow Drive",MWR023,180,0.72,42.351704,-71.092425,NA,NA
07-29-2023,Downstream end of Charles R. Esplanade,MWR020,35,0.09,42.356744,-71.076136,NA,NA
07-29-2023,Draw Seven Park,MWR205,532,16.35,NA,NA,NA,NA
07-29-2023,Middle of Charles R. Esplanade,MWR019,40,0.13,42.355018,-71.080919,NA,NA
07-29-2023,"Upper Inner Harbor, upstream of N. Washington St. bridge",MWR203,580,55.04,NA,NA,NA,NA
07-29-2023,Upstream end of Charles R. Esplanade,MWR018,75,0.28,42.352763,-71.087414,NA,NA
08-05-2021,Draw Seven Park,MWR205,156,2.46,NA,NA,NA,NA
08-05-2021,Draw Seven Park,MWR205,156,2.46,NA,NA,NA,NA
08-08-2023,Alewife Brook Reservation near Alewife T station,MWR003,95,1.27,42.397102,-71.144062,NA,NA
08-08-2023,"Baxter Park/Assembly Row, just downstream of Rte. 28 Bridge",SOM007A/ MWR205A,75,3.34,NA,NA,NA,NA
08-08-2023,Between Magazine Park and BU Bridge,MWR201,182,12.67,NA,NA,NA,NA
08-08-2023,"Boston side of river, near Fenway exit from Storrow Drive",MWR023,42,0.1,42.351704,-71.092425,NA,NA
08-08-2023,Draw Seven Park,MWR205,209,14.48,NA,NA,NA,NA
08-08-2023,"Upper Inner Harbor, upstream of N. Washington St. bridge",MWR203,259,26.93,NA,NA,NA,NA
08-08-2023,Upstream end of Charles R. Esplanade,MWR018,60,0.12,42.352763,-71.087414,NA,NA
08-09-2021,"Baxter Park/Assembly Row, just downstream of Rte. 28 Bridge",SOM007A/ MWR205A,20,0.47,NA,NA,NA,NA
08-09-2021,Draw Seven Park,MWR205,296,3.96,NA,NA,NA,NA
08-09-2021,"Upper Inner Harbor, upstream of N. Washington St. bridge",MWR203,108,3.6,NA,NA,NA,NA
08-13-2023,Draw Seven Park,MWR205,16,0.04,NA,NA,NA,NA
08-18-2023,"Boston side of river, near Fenway exit from Storrow Drive",MWR023,5,0.07,42.351704,-71.092425,NA,NA
08-18-2023,Draw Seven Park,MWR205,81,1.24,NA,NA,NA,NA
08-18-2023,"Upper Inner Harbor, upstream of N. Washington St. bridge",MWR203,98,3.93,NA,NA,NA,NA
08-19-2021,Alewife Brook Reservation near Alewife T station,MWR003,93,3.48,42.397102,-71.144062,NA,NA
08-19-2021,"Baxter Park/Assembly Row, just downstream of Rte. 28 Bridge",SOM007A/ MWR205A,111,15.48,NA,NA,NA,NA
08-19-2021,Between Magazine Park and BU Bridge,MWR201,143,8,NA,NA,NA,NA
08-19-2021,Draw Seven Park,MWR205,235,20.13,NA,NA,NA,NA
08-19-2021,"Upper Inner Harbor, upstream of N. Washington St. bridge",MWR203,253,25.59,NA,NA,NA,NA
08-21-2023,Draw Seven Park,MWR205,34,0.61,NA,NA,NA,NA
08-22-2021,"Baxter Park/Assembly Row, just downstream of Rte. 28 Bridge",SOM007A/ MWR205A,60,0.57,NA,NA,NA,NA
08-22-2021,Draw Seven Park,MWR205,350,3.74,NA,NA,NA,NA
08-22-2021,"Upper Inner Harbor, upstream of N. Washington St. bridge",MWR203,173,10.81,NA,NA,NA,NA
08-23-2020,"Baxter Park/Assembly Row, just downstream of Rte. 28 Bridge",SOM007A/ MWR205A,53,0.43,NA,NA,NA,NA
08-23-2020,Draw Seven Park,MWR205,115,3.09,NA,NA,NA,NA
08-23-2020,"Upper Inner Harbor, upstream of N. Washington St. bridge",MWR203,176,8.54,NA,NA,NA,NA
08-23-2021,"Baxter Park/Assembly Row, just downstream of Rte. 28 Bridge",SOM007A/ MWR205A,140,2.32,NA,NA,NA,NA
08-23-2021,Draw Seven Park,MWR205,295,5.77,NA,NA,NA,NA
08-23-2021,"Upper Inner Harbor, upstream of N. Washington St. bridge",MWR203,229,19.52,NA,NA,NA,NA
08-24-2021,Between Magazine Park and BU Bridge,MWR201,65,1.27,NA,NA,NA,NA
08-25-2023,Between Magazine Park and BU Bridge,MWR201,41,1.78,NA,NA,NA,NA
08-25-2023,Draw Seven Park,MWR205,215,7.41,NA,NA,NA,NA
08-25-2023,"Upper Inner Harbor, upstream of N. Washington St. bridge",MWR203,205,21.31,NA,NA,NA,NA
08-26-2022,"Boston side of river, near Fenway exit from Storrow Drive",MWR023,15,0.01,42.351704,-71.092425,NA,NA
08-26-2022,Draw Seven Park,MWR205,24,0.01,NA,NA,NA,NA
08-30-2023,Draw Seven Park,MWR205,26,0.34,NA,NA,NA,NA
09-01-2021,"Baxter Park/Assembly Row, just downstream of Rte. 28 Bridge",SOM007A/ MWR205A,510,9.57,NA,NA,NA,NA
09-01-2021,Draw Seven Park,MWR205,1051,45.68,NA,NA,NA,NA
09-01-2021,"Upper Inner Harbor, upstream of N. Washington St. bridge",MWR203,852,95.42,NA,NA,NA,NA
09-02-2021,Alewife Brook Reservation near Alewife T station,MWR003,293,13.75,42.397102,-71.144062,NA,NA
09-02-2021,Between Magazine Park and BU Bridge,MWR201,575,43.91,NA,NA,NA,NA
09-02-2021,"Boston side of river, near Fenway exit from Storrow Drive",MWR023,217,2.35,42.351704,-71.092425,NA,NA
09-02-2021,Downstream end of Charles R. Esplanade,MWR020,138,0.75,42.356744,-71.076136,NA,NA
09-02-2021,Middle of Charles R. Esplanade,MWR019,175,1.65,42.355018,-71.080919,NA,NA
09-02-2021,Upstream end of Charles R. Esplanade,MWR018,188,3.83,42.352763,-71.087414,NA,NA
09-09-2023,Draw Seven Park,MWR205,105,1.62,NA,NA,NA,NA
09-10-2021,"Baxter Park/Assembly Row, just downstream of Rte. 28 Bridge",SOM007A/ MWR205A,65,1.03,NA,NA,NA,NA
09-10-2021,Draw Seven Park,MWR205,264,2.54,NA,NA,NA,NA
09-10-2021,"Upper Inner Harbor, upstream of N. Washington St. bridge",MWR203,136,7.3,NA,NA,NA,NA
09-13-2023,Draw Seven Park,MWR205,88,0.83,NA,NA,NA,NA
09-18-2023,"Baxter Park/Assembly Row, just downstream of Rte. 28 Bridge",SOM007A/ MWR205A,180,2.19,NA,NA,NA,NA
09-18-2023,Draw Seven Park,MWR205,461,8.2,NA,NA,NA,NA
09-18-2023,"Upper Inner Harbor, upstream of N. Washington St. bridge",MWR203,318,22.59,NA,NA,NA,NA
09-19-2022,Draw Seven Park,MWR205,96,0.19,NA,NA,NA,NA
09-28-2021,Draw Seven Park,MWR205,158,4.3,NA,NA,NA,NA
09-30-2020,Draw Seven Park,MWR205,32,0.9,NA,NA,NA,NA
1-01-2019,MWR205: Somerville Marginal CSO Treatment Facility Outfall (marine discharge),MWR205,100,0.73,NA,NA,NA,NA
1-03-2017,MWR203: Prison Point CSO Storage and Treatment Facility Outfall,MWR203,131,5.35,NA,NA,NA,NA
1-03-2017,MWR205: Somerville Marginal CSO Treatment Facility Outfall (marine discharge),MWR205,95,1.43,NA,NA,NA,NA
1-10-2016,MWR203: Prison Point CSO Storage and Treatment Facility Outfall,MWR203,252,18.66,NA,NA,NA,NA
1-10-2016,MWR205: Somerville Marginal CSO Treatment Facility Outfall (marine discharge),MWR205,331,8.59,NA,NA,NA,NA
1-10-2016,MWR205A: Somerville Marginal CSO Treatment Facility Outfall (freshwater discharge),SOM007A/MWR205A,89,NA,42.398244,-71.083419,Y,high tide relief for Somerville Marginal facility
1-10-2016,MWR215: Union Park CSO Storage and Treatment Facility Outfall,MWR215,205,2.3,NA,NA,NA,NA
1-12-2018,MWR203: Prison Point CSO Storage and Treatment Facility Outfall,MWR203,629,30,NA,NA,NA,NA
1-12-2018,MWR205: Somerville Marginal CSO Treatment Facility Outfall (marine discharge),MWR205,396,6.94,NA,NA,NA,NA
1-13-2018,MWR205A: Somerville Marginal CSO Treatment Facility Outfall (freshwater discharge),SOM007A/MWR205A,95,-999,42.398244,-71.083419,Y,high tide relief for Somerville Marginal facility
1-13-2018,MWR215: Union Park CSO Storage and Treatment Facility Outfall,MWR215,276,3.6,NA,NA,NA,NA
1-16-2016,MWR203: Prison Point CSO Storage and Treatment Facility Outfall,MWR203,247,7.07,NA,NA,NA,NA
1-16-2016,MWR205: Somerville Marginal CSO Treatment Facility Outfall (marine discharge),MWR205,321,3.69,NA,NA,NA,NA
1-23-2018,MWR203: Prison Point CSO Storage and Treatment Facility Outfall,MWR203,294,13.68,NA,NA,NA,NA
1-23-2018,MWR205: Somerville Marginal CSO Treatment Facility Outfall (marine discharge),MWR205,252,3.48,NA,NA,NA,NA
1-23-2018,MWR205A: Somerville Marginal CSO Treatment Facility Outfall (freshwater discharge),SOM007A/MWR205A,144,-999,42.398244,-71.083419,Y,high tide relief for Somerville Marginal facility
1-23-2018,MWR215: Union Park CSO Storage and Treatment Facility Outfall,MWR215,72,0.89,NA,NA,NA,NA
1-24-2017,MWR203: Prison Point CSO Storage and Treatment Facility Outfall,MWR203,371,15.65,NA,NA,NA,NA
1-24-2017,MWR205: Somerville Marginal CSO Treatment Facility Outfall (marine discharge),MWR205,372,3.32,NA,NA,NA,NA
1-24-2017,MWR215: Union Park CSO Storage and Treatment Facility Outfall,MWR215,185,1.6,NA,NA,NA,NA
1-24-2019,BOS019: Little Mystic Channel CSO Storage Facility,BOS019,220,-999,42.379753,-71.051689,NA,NA
1-24-2019,MWR203: Prison Point CSO Storage and Treatment Facility Outfall,MWR203,364,23,NA,NA,NA,NA
1-24-2019,MWR205: Somerville Marginal CSO Treatment Facility Outfall (marine discharge),MWR205,454,6.81,NA,NA,NA,NA
1-24-2019,MWR205A: Somerville Marginal CSO Treatment Facility Outfall (freshwater discharge),SOM007A/MWR205A,207,-999,42.398244,-71.083419,Y,high tide relief for Somerville Marginal facility
1-24-2019,MWR215: Union Park CSO Storage and Treatment Facility Outfall,MWR215,150,1.71,NA,NA,NA,NA
1-25-2020,MWR205: Somerville Marginal CSO Treatment Facility Outfall (marine discharge),MWR205,126,0.31,NA,NA,NA,NA
10-05-2021,"Baxter Park/Assembly Row, just downstream of Rte. 28 Bridge",SOM007A/ MWR205A,25,0.16,NA,NA,NA,NA
10-05-2021,Draw Seven Park,MWR205,127,5.26,NA,NA,NA,NA
10-05-2021,"Upper Inner Harbor, upstream of N. Washington St. bridge",MWR203,91,3.68,NA,NA,NA,NA
10-09-2016,MWR203: Prison Point CSO Storage and Treatment Facility Outfall,MWR203,268,6.83,NA,NA,NA,NA
10-09-2016,MWR205: Somerville Marginal CSO Treatment Facility Outfall (marine discharge),MWR205,92,0.34,NA,NA,NA,NA
10-11-2018,MWR205: Somerville Marginal CSO Treatment Facility Outfall (marine discharge),MWR205,70,1.03,NA,NA,NA,NA
10-13-2020,Draw Seven Park,MWR205,40,1.69,NA,NA,NA,NA
10-13-2020,MWR203: Prison Point CSO Storage and Treatment Facility Outfall,MWR203,127,5.86,NA,NA,NA,NA
10-13-2020,MWR205: Somerville Marginal CSO Treatment Facility Outfall (marine discharge),MWR205,40,1.69,NA,NA,NA,NA
10-13-2020,"Upper Inner Harbor, upstream of N. Washington St. bridge",MWR203,127,5.86,NA,NA,NA,NA
10-13-2022,Draw Seven Park,MWR205,101,0.18,NA,NA,NA,NA
10-14-2022,Draw Seven Park,MWR205,75,2.63,NA,NA,NA,NA
10-14-2022,"Upper Inner Harbor, upstream of N. Washington St. bridge",MWR203,272,14.8,NA,NA,NA,NA
10-17-2019,BOS019: Little Mystic Channel CSO Storage Facility,BOS019,87,-999,42.379753,-71.051689,NA,NA
10-17-2019,MWR201: Cottage Farm CSO Storage and Treatment Facility Outfall,MWR201,128,9.57,NA,NA,NA,NA
10-17-2019,MWR203: Prison Point CSO Storage and Treatment Facility Outfall,MWR203,308,26.58,NA,NA,NA,NA
10-17-2019,MWR205: Somerville Marginal CSO Treatment Facility Outfall (marine discharge),MWR205,248,7.16,NA,NA,NA,NA
10-17-2019,MWR205A: Somerville Marginal CSO Treatment Facility Outfall (freshwater discharge),SOM007A/MWR205A,195,-999,42.398244,-71.083419,Y,high tide relief for Somerville Marginal facility
10-17-2019,MWR215: Union Park CSO Storage and Treatment Facility Outfall,MWR215,327,21.65,NA,NA,NA,NA
10-17-2020,Draw Seven Park,MWR205,341,6.96,NA,NA,NA,NA
10-17-2020,MWR203: Prison Point CSO Storage and Treatment Facility Outfall,MWR203,286,16.28,NA,NA,NA,NA
10-17-2020,MWR205: Somerville Marginal CSO Treatment Facility Outfall (marine discharge),MWR205,341,6.96,NA,NA,NA,NA
10-17-2020,MWR205A: Somerville Marginal CSO Treatment Facility Outfall (freshwater discharge),SOM007A/MWR205A,15,-999,42.398244,-71.083419,Y,high tide relief for Somerville Marginal facility
10-17-2020,MWR215: Union Park CSO Storage and Treatment Facility Outfall,MWR215,160,1.64,NA,NA,NA,NA
10-17-2020,"Upper Inner Harbor, upstream of N. Washington St. bridge",MWR203,286,16.28,NA,NA,NA,NA
10-21-2016,MWR201: Cottage Farm CSO Storage and Treatment Facility Outfall,MWR201,155,13.31,NA,NA,NA,NA
10-21-2016,MWR203: Prison Point CSO Storage and Treatment Facility Outfall,MWR203,267,28.08,NA,NA,NA,NA
10-21-2016,MWR205: Somerville Marginal CSO Treatment Facility Outfall (marine discharge),MWR205,172,4.23,NA,NA,NA,NA
10-21-2016,MWR215: Union Park CSO Storage and Treatment Facility Outfall,MWR215,120,4.64,NA,NA,NA,NA
10-25-2017,MWR203: Prison Point CSO Storage and Treatment Facility Outfall,MWR203,126,2.1,NA,NA,NA,NA
10-25-2017,MWR205: Somerville Marginal CSO Treatment Facility Outfall (marine discharge),MWR205,196,1.12,NA,NA,NA,NA
10-25-2017,MWR205A: Somerville Marginal CSO Treatment Facility Outfall (freshwater discharge),SOM007A/MWR205A,57,-999,42.398244,-71.083419,Y,high tide relief for Somerville Marginal facility
10-26-2021,Alewife Brook Reservation near Alewife T station,MWR003,36,0.1,42.397102,-71.144062,NA,NA
10-26-2021,"Baxter Park/Assembly Row, just downstream of Rte. 28 Bridge",SOM007A/ MWR205A,20,0.34,NA,NA,NA,NA
10-26-2021,Draw Seven Park,MWR205,326,7.89,NA,NA,NA,NA
10-26-2021,"Upper Inner Harbor, upstream of N. Washington St. bridge",MWR203,215,19.31,NA,NA,NA,NA
10-27-2018,BOS019: Little Mystic Channel CSO Storage Facility,BOS019,25,-999,42.379753,-71.051689,NA,NA
10-27-2018,MWR203: Prison Point CSO Storage and Treatment Facility Outfall,MWR203,326,16.96,NA,NA,NA,NA
10-27-2018,MWR205: Somerville Marginal CSO Treatment Facility Outfall (marine discharge),MWR205,416,4.66,NA,NA,NA,NA
10-27-2018,MWR205A: Somerville Marginal CSO Treatment Facility Outfall (freshwater discharge),SOM007A/MWR205A,207,-999,42.398244,-71.083419,Y,high tide relief for Somerville Marginal facility
10-27-2018,MWR215: Union Park CSO Storage and Treatment Facility Outfall,MWR215,220,1.98,NA,NA,NA,NA
10-27-2019,MWR203: Prison Point CSO Storage and Treatment Facility Outfall,MWR203,215,17.79,NA,NA,NA,NA
10-27-2019,MWR205: Somerville Marginal CSO Treatment Facility Outfall (marine discharge),MWR205,227,4.99,NA,NA,NA,NA
10-27-2019,MWR215: Union Park CSO Storage and Treatment Facility Outfall,MWR215,70,0.73,NA,NA,NA,NA
10-28-2016,MWR203: Prison Point CSO Storage and Treatment Facility Outfall,MWR203,164,4.03,NA,NA,NA,NA
10-28-2016,MWR205: Somerville Marginal CSO Treatment Facility Outfall (marine discharge),MWR205,77,0.75,NA,NA,NA,NA
10-29-2017,MWR203: Prison Point CSO Storage and Treatment Facility Outfall,MWR203,546,60.15,NA,NA,NA,NA
10-29-2017,MWR205: Somerville Marginal CSO Treatment Facility Outfall (marine discharge),MWR205,627,17.2,NA,NA,NA,NA
10-29-2018,MWR203: Prison Point CSO Storage and Treatment Facility Outfall,MWR203,121,5.91,NA,NA,NA,NA
10-29-2018,MWR205: Somerville Marginal CSO Treatment Facility Outfall (marine discharge),MWR205,125,3.12,NA,NA,NA,NA
10-30-2017,BOS019: Little Mystic Channel CSO Storage Facility,BOS019,316,0.683328,42.379753,-71.051689,NA,NA
10-30-2017,MWR201: Cottage Farm CSO Storage and Treatment Facility Outfall,MWR201,280,21.9,NA,NA,NA,NA
10-30-2017,MWR205A: Somerville Marginal CSO Treatment Facility Outfall (freshwater discharge),SOM007A/MWR205A,179,-999,42.398244,-71.083419,Y,high tide relief for Somerville Marginal facility
10-30-2017,MWR215: Union Park CSO Storage and Treatment Facility Outfall,MWR215,339,9.71,NA,NA,NA,NA
10-30-2021,"Baxter Park/Assembly Row, just downstream of Rte. 28 Bridge",SOM007A/ MWR205A,115,3.02,NA,NA,NA,NA
10-30-2021,Draw Seven Park,MWR205,518,7.31,NA,NA,NA,NA
10-30-2021,"Upper Inner Harbor, upstream of N. Washington St. bridge",MWR203,304,16.97,NA,NA,NA,NA
11-01-2020,Draw Seven Park,MWR205,82,0.67,NA,NA,NA,NA
11-01-2020,MWR205: Somerville Marginal CSO Treatment Facility Outfall (marine discharge),MWR205,82,0.67,NA,NA,NA,NA
11-03-2018,MWR203: Prison Point CSO Storage and Treatment Facility Outfall,MWR203,333,24.2,NA,NA,NA,NA
11-03-2018,MWR205: Somerville Marginal CSO Treatment Facility Outfall (marine discharge),MWR205,460,7.65,NA,NA,NA,NA
11-03-2018,MWR205A: Somerville Marginal CSO Treatment Facility Outfall (freshwater discharge),SOM007A/MWR205A,231,-999,42.398244,-71.083419,Y,high tide relief for Somerville Marginal facility
11-03-2018,MWR215: Union Park CSO Storage and Treatment Facility Outfall,MWR215,155,2.39,NA,NA,NA,NA
11-05-2019,MWR205: Somerville Marginal CSO Treatment Facility Outfall (marine discharge),MWR205,69,0.37,NA,NA,NA,NA
11-06-2018,MWR205: Somerville Marginal CSO Treatment Facility Outfall (marine discharge),MWR205,77,0.3,NA,NA,NA,NA
11-09-2018,MWR203: Prison Point CSO Storage and Treatment Facility Outfall,MWR203,272,23.59,NA,NA,NA,NA
11-09-2018,MWR205: Somerville Marginal CSO Treatment Facility Outfall (marine discharge),MWR205,425,6.24,NA,NA,NA,NA
11-09-2018,MWR205A: Somerville Marginal CSO Treatment Facility Outfall (freshwater discharge),SOM007A/MWR205A,276,-999,42.398244,-71.083419,Y,high tide relief for Somerville Marginal facility
11-09-2018,MWR215: Union Park CSO Storage and Treatment Facility Outfall,MWR215,205,3.83,NA,NA,NA,NA
11-10-2018,MWR201: Cottage Farm CSO Storage and Treatment Facility Outfall,MWR201,155,6.17,NA,NA,NA,NA
11-12-2021,"Baxter Park/Assembly Row, just downstream of Rte. 28 Bridge",SOM007A/ MWR205A,50,0.53,NA,NA,NA,NA
11-12-2021,Draw Seven Park,MWR205,128,1.95,NA,NA,NA,NA
11-12-2021,"Upper Inner Harbor, upstream of N. Washington St. bridge",MWR203,86,3.92,NA,NA,NA,NA
11-13-2018,MWR203: Prison Point CSO Storage and Treatment Facility Outfall,MWR203,120,4.31,NA,NA,NA,NA
11-13-2018,MWR205: Somerville Marginal CSO Treatment Facility Outfall (marine discharge),MWR205,203,2.18,NA,NA,NA,NA
11-13-2018,MWR205A: Somerville Marginal CSO Treatment Facility Outfall (freshwater discharge),SOM007A/MWR205A,48,-999,42.398244,-71.083419,Y,high tide relief for Somerville Marginal facility
11-15-2016,MWR203: Prison Point CSO Storage and Treatment Facility Outfall,MWR203,243,17.81,NA,NA,NA,NA
11-15-2016,MWR205: Somerville Marginal CSO Treatment Facility Outfall (marine discharge),MWR205,237,4.75,NA,NA,NA,NA
11-15-2020,Draw Seven Park,MWR205,39,0.49,NA,NA,NA,NA
11-15-2020,MWR205: Somerville Marginal CSO Treatment Facility Outfall (marine discharge),MWR205,39,0.49,NA,NA,NA,NA
11-16-2018,MWR203: Prison Point CSO Storage and Treatment Facility Outfall,MWR203,235,14.03,NA,NA,NA,NA
11-16-2018,MWR205: Somerville Marginal CSO Treatment Facility Outfall (marine discharge),MWR205,331,3.43,NA,NA,NA,NA
11-16-2018,MWR205A: Somerville Marginal CSO Treatment Facility Outfall (freshwater discharge),SOM007A/MWR205A,185,-999,42.398244,-71.083419,Y,high tide relief for Somerville Marginal facility
11-16-2018,MWR215: Union Park CSO Storage and Treatment Facility Outfall,MWR215,112,1.47,NA,NA,NA,NA
11-16-2022,Draw Seven Park,MWR205,130,1.43,NA,NA,NA,NA
11-23-2020,Between Magazine Park and BU Bridge,MWR201,67,1.01,NA,NA,NA,NA
11-23-2020,Draw Seven Park,MWR205,222,9.76,NA,NA,NA,NA
11-23-2020,MWR201: Cottage Farm CSO Storage and Treatment Facility Outfall,MWR201,67,1.01,NA,NA,NA,NA
11-23-2020,MWR203: Prison Point CSO Storage and Treatment Facility Outfall,MWR203,266,21.12,NA,NA,NA,NA
11-23-2020,MWR205: Somerville Marginal CSO Treatment Facility Outfall (marine discharge),MWR205,222,9.76,NA,NA,NA,NA
11-23-2020,MWR215: Union Park CSO Storage and Treatment Facility Outfall,MWR215,145,2.66,NA,NA,NA,NA
11-23-2020,"Upper Inner Harbor, upstream of N. Washington St. bridge",MWR203,266,21.12,NA,NA,NA,NA
11-24-2019,MWR203: Prison Point CSO Storage and Treatment Facility Outfall,MWR203,278,17.94,NA,NA,NA,NA
11-24-2019,MWR205: Somerville Marginal CSO Treatment Facility Outfall (marine discharge),MWR205,250,4.32,NA,NA,NA,NA
11-24-2019,MWR205A: Somerville Marginal CSO Treatment Facility Outfall (freshwater discharge),SOM007A/MWR205A,34,-999,42.398244,-71.083419,Y,high tide relief for Somerville Marginal facility
11-24-2019,MWR215: Union Park CSO Storage and Treatment Facility Outfall,MWR215,94,1.67,NA,NA,NA,NA
11-25-2018,MWR205: Somerville Marginal CSO Treatment Facility Outfall (marine discharge),MWR205,95,1.3,NA,NA,NA,NA
11-26-2018,MWR203: Prison Point CSO Storage and Treatment Facility Outfall,MWR203,363,18.48,NA,NA,NA,NA
11-26-2018,MWR205: Somerville Marginal CSO Treatment Facility Outfall (marine discharge),MWR205,666,6.03,NA,NA,NA,NA
11-26-2018,MWR205A: Somerville Marginal CSO Treatment Facility Outfall (freshwater discharge),SOM007A/MWR205A,376,-999,42.398244,-71.083419,Y,high tide relief for Somerville Marginal facility
11-27-2018,BOS019: Little Mystic Channel CSO Storage Facility,BOS019,275,-999,42.379753,-71.051689,NA,NA
11-27-2022,Draw Seven Park,MWR205,19,0.09,NA,NA,NA,NA
11-30-2016,MWR203: Prison Point CSO Storage and Treatment Facility Outfall,MWR203,174,5.08,NA,NA,NA,NA
11-30-2016,MWR205: Somerville Marginal CSO Treatment Facility Outfall (marine discharge),MWR205,230,1.25,NA,NA,NA,NA
11-30-2020,"Baxter Park/Assembly Row, just downstream of Rte. 28 Bridge",SOM007A/ MWR205A,195,5.12,NA,NA,NA,NA
11-30-2020,Draw Seven Park,MWR205,369,9.25,NA,NA,NA,NA
11-30-2020,MWR203: Prison Point CSO Storage and Treatment Facility Outfall,MWR203,278,16.55,NA,NA,NA,NA
11-30-2020,MWR205: Somerville Marginal CSO Treatment Facility Outfall (marine discharge),MWR205,369,9.25,NA,NA,NA,NA
11-30-2020,MWR205A: Somerville Marginal CSO Treatment Facility Outfall (freshwater discharge),SOM007A/MWR205A,195,5.12,42.398244,-71.083419,Y,high tide relief for Somerville Marginal facility
11-30-2020,"Upper Inner Harbor, upstream of N. Washington St. bridge",MWR203,278,16.55,NA,NA,NA,NA
11-30-2022,"Baxter Park/Assembly Row, just downstream of Rte. 28 Bridge",SOM007A/ MWR205A,20,0.24,NA,NA,NA,NA
11-30-2022,Draw Seven Park,MWR205,93,2.85,NA,NA,NA,NA
11-30-2022,"Upper Inner Harbor, upstream of N. Washington St. bridge",MWR203,126,6.07,NA,NA,NA,NA
12-01-2020,Alewife Brook Reservation near Alewife T station,MWR003,22,0.01,42.397102,-71.144062,NA,NA
12-01-2020,Between Magazine Park and BU Bridge,MWR201,46,1.03,NA,NA,NA,NA
12-01-2020,MWR003,MWR003,22,0.014,42.397102,-71.144062,NA,NA
12-01-2020,MWR201: Cottage Farm CSO Storage and Treatment Facility Outfall,MWR201,46,1.03,NA,NA,NA,NA
12-01-2020,MWR215: Union Park CSO Storage and Treatment Facility Outfall,MWR215,95,1.58,NA,NA,NA,NA
12-02-2018,MWR205: Somerville Marginal CSO Treatment Facility Outfall (marine discharge),MWR205,135,0.82,NA,NA,NA,NA
12-05-2020,"Baxter Park/Assembly Row, just downstream of Rte. 28 Bridge",SOM007A/ MWR205A,190,3.03,NA,NA,NA,NA
12-05-2020,BOS019: Little Mystic Channel CSO Storage Facility,BOS019,355,0.96,42.379753,-71.051689,NA,NA
12-05-2020,Draw Seven Park,MWR205,494,7.14,NA,NA,NA,NA
12-05-2020,MWR203: Prison Point CSO Storage and Treatment Facility Outfall,MWR203,204,15.56,NA,NA,NA,NA
12-05-2020,MWR205: Somerville Marginal CSO Treatment Facility Outfall (marine discharge),MWR205,494,7.14,NA,NA,NA,NA
12-05-2020,MWR205A: Somerville Marginal CSO Treatment Facility Outfall (freshwater discharge),SOM007A/MWR205A,190,3.03,42.398244,-71.083419,Y,high tide relief for Somerville Marginal facility
12-05-2020,MWR215: Union Park CSO Storage and Treatment Facility Outfall,MWR215,170,2.06,NA,NA,NA,NA
12-05-2020,"Upper Inner Harbor, upstream of N. Washington St. bridge",MWR203,204,15.56,NA,NA,NA,NA
12-06-2017,MWR205: Somerville Marginal CSO Treatment Facility Outfall (marine discharge),MWR205,145,0.37,NA,NA,NA,NA
12-07-2022,Draw Seven Park,MWR205,18,0.14,NA,NA,NA,NA
12-14-2019,MWR203: Prison Point CSO Storage and Treatment Facility Outfall,MWR203,192,7.68,NA,NA,NA,NA
12-14-2019,MWR205: Somerville Marginal CSO Treatment Facility Outfall (marine discharge),MWR205,513,4.69,NA,NA,NA,NA
12-14-2019,MWR205A: Somerville Marginal CSO Treatment Facility Outfall (freshwater discharge),SOM007A/MWR205A,306,-999,42.398244,-71.083419,Y,high tide relief for Somerville Marginal facility
12-16-2018,MWR205: Somerville Marginal CSO Treatment Facility Outfall (marine discharge),MWR205,128,0.73,NA,NA,NA,NA
12-16-2022,"Baxter Park/Assembly Row, just downstream of Rte. 28 Bridge",SOM007A/ MWR205A,200,2.48,NA,NA,NA,NA
12-16-2022,Draw Seven Park,MWR205,397,2.5,NA,NA,NA,NA
12-16-2022,"Upper Inner Harbor, upstream of N. Washington St. bridge",MWR203,152,6.55,NA,NA,NA,NA
12-23-2022,Draw Seven Park,MWR205,282,5.06,NA,NA,NA,NA
12-23-2022,"Upper Inner Harbor, upstream of N. Washington St. bridge",MWR203,176,11.05,NA,NA,NA,NA
12-25-2020,"Baxter Park/Assembly Row, just downstream of Rte. 28 Bridge",SOM007A/ MWR205A,130,2.41,NA,NA,NA,NA
12-25-2020,BOS019: Little Mystic Channel CSO Storage Facility,BOS019,111,0.11,42.379753,-71.051689,NA,NA
12-25-2020,Draw Seven Park,MWR205,412,9.6,NA,NA,NA,NA
12-25-2020,MWR203: Prison Point CSO Storage and Treatment Facility Outfall,MWR203,217,14.71,NA,NA,NA,NA
12-25-2020,MWR205: Somerville Marginal CSO Treatment Facility Outfall (marine discharge),MWR205,412,9.6,NA,NA,NA,NA
12-25-2020,MWR205A: Somerville Marginal CSO Treatment Facility Outfall (freshwater discharge),SOM007A/MWR205A,130,2.41,42.398244,-71.083419,Y,high tide relief for Somerville Marginal facility
12-25-2020,MWR215: Union Park CSO Storage and Treatment Facility Outfall,MWR215,466,2.46,NA,NA,NA,NA
12-25-2020,"Upper Inner Harbor, upstream of N. Washington St. bridge",MWR203,217,14.71,NA,NA,NA,NA
12-29-2016,MWR203: Prison Point CSO Storage and Treatment Facility Outfall,MWR203,152,8.52,NA,NA,NA,NA
12-29-2016,MWR205: Somerville Marginal CSO Treatment Facility Outfall (marine discharge),MWR205,141,2.95,NA,NA,NA,NA
12-30-2019,MWR205: Somerville Marginal CSO Treatment Facility Outfall (marine discharge),MWR205,138,0.63,NA,NA,NA,NA
2-16-2016,MWR203: Prison Point CSO Storage and Treatment Facility Outfall,MWR203,151,7.1,NA,NA,NA,NA
2-16-2016,MWR205: Somerville Marginal CSO Treatment Facility Outfall (marine discharge),MWR205,117,1.31,NA,NA,NA,NA
2-16-2016,MWR205A: Somerville Marginal CSO Treatment Facility Outfall (freshwater discharge),SOM007A/MWR205A,81,NA,42.398244,-71.083419,Y,high tide relief for Somerville Marginal facility
2-24-2016,MWR205: Somerville Marginal CSO Treatment Facility Outfall (marine discharge),MWR205,172,1.91,NA,NA,NA,NA
2-25-2016,MWR203: Prison Point CSO Storage and Treatment Facility Outfall,MWR203,86,3.52,NA,NA,NA,NA
2-27-2020,MWR205: Somerville Marginal CSO Treatment Facility Outfall (marine discharge),MWR205,207,2.12,NA,NA,NA,NA
3-02-2016,MWR205: Somerville Marginal CSO Treatment Facility Outfall (marine discharge),MWR205,53,0.47,NA,NA,NA,NA
3-02-2018,BOS019: Little Mystic Channel CSO Storage Facility,BOS019,912,-999,42.379753,-71.051689,NA,NA
3-02-2018,MWR203: Prison Point CSO Storage and Treatment Facility Outfall,MWR203,432,27.65,NA,NA,NA,NA
3-02-2018,MWR205: Somerville Marginal CSO Treatment Facility Outfall (marine discharge),MWR205,670,7.35,NA,NA,NA,NA
3-02-2018,MWR205A: Somerville Marginal CSO Treatment Facility Outfall (freshwater discharge),SOM007A/MWR205A,251,-999,42.398244,-71.083419,Y,high tide relief for Somerville Marginal facility
3-02-2018,MWR215: Union Park CSO Storage and Treatment Facility Outfall,MWR215,382,5.72,NA,NA,NA,NA
3-15-2016,MWR205: Somerville Marginal CSO Treatment Facility Outfall (marine discharge),MWR205,263,1.92,NA,NA,NA,NA
3-23-2020,MWR203: Prison Point CSO Storage and Treatment Facility Outfall,MWR203,344,25.25,NA,NA,NA,NA
3-23-2020,MWR205: Somerville Marginal CSO Treatment Facility Outfall (marine discharge),MWR205,366,5.15,NA,NA,NA,NA
3-23-2020,MWR205A: Somerville Marginal CSO Treatment Facility Outfall (freshwater discharge),SOM007A/MWR205A,282,1.36,42.398244,-71.083419,Y,high tide relief for Somerville Marginal facility
3-23-2020,MWR215: Union Park CSO Storage and Treatment Facility Outfall,MWR215,278,3.2,NA,NA,NA,NA
4-01-2017,MWR203: Prison Point CSO Storage and Treatment Facility Outfall,MWR203,571,29.58,NA,NA,NA,NA
4-01-2017,MWR205: Somerville Marginal CSO Treatment Facility Outfall (marine discharge),MWR205,845,8.83,NA,NA,NA,NA
4-01-2017,MWR205A: Somerville Marginal CSO Treatment Facility Outfall (freshwater discharge),SOM007A/MWR205A,133,-999,42.398244,-71.083419,Y,high tide relief for Somerville Marginal facility
4-03-2020,MWR205: Somerville Marginal CSO Treatment Facility Outfall (marine discharge),MWR205,170,0.2,NA,NA,NA,NA
4-03-2020,MWR205A: Somerville Marginal CSO Treatment Facility Outfall (freshwater discharge),SOM007A/MWR205A,148,0.018,42.398244,-71.083419,Y,high tide relief for Somerville Marginal facility
4-06-2017,MWR203: Prison Point CSO Storage and Treatment Facility Outfall,MWR203,342,13.12,NA,NA,NA,NA
4-06-2017,MWR205: Somerville Marginal CSO Treatment Facility Outfall (marine discharge),MWR205,422,3.15,NA,NA,NA,NA
4-07-2016,MWR203: Prison Point CSO Storage and Treatment Facility Outfall,MWR203,319,17.93,NA,NA,NA,NA
4-07-2016,MWR205: Somerville Marginal CSO Treatment Facility Outfall (marine discharge),MWR205,341,9.21,NA,NA,NA,NA
4-13-2020,MWR205: Somerville Marginal CSO Treatment Facility Outfall (marine discharge),MWR205,113,0.79,NA,NA,NA,NA
4-15-2019,MWR201: Cottage Farm CSO Storage and Treatment Facility Outfall,MWR201,92,3.43,NA,NA,NA,NA
4-15-2019,MWR203: Prison Point CSO Storage and Treatment Facility Outfall,MWR203,144,8.15,NA,NA,NA,NA
4-15-2019,MWR205: Somerville Marginal CSO Treatment Facility Outfall (marine discharge),MWR205,204,2.06,NA,NA,NA,NA
4-15-2019,MWR205A: Somerville Marginal CSO Treatment Facility Outfall (freshwater discharge),SOM007A/MWR205A,195,-999,42.398244,-71.083419,Y,high tide relief for Somerville Marginal facility
4-15-2020,MWR215: Union Park CSO Storage and Treatment Facility Outfall,MWR215,26,0.304,NA,NA,NA,NA
4-16-2018,BOS019: Little Mystic Channel CSO Storage Facility,BOS019,133,-999,42.379753,-71.051689,NA,NA
4-16-2018,MWR201: Cottage Farm CSO Storage and Treatment Facility Outfall,MWR201,208,8.5,NA,NA,NA,NA
4-16-2018,MWR203: Prison Point CSO Storage and Treatment Facility Outfall,MWR203,496,38.13,NA,NA,NA,NA
4-16-2018,MWR205: Somerville Marginal CSO Treatment Facility Outfall (marine discharge),MWR205,457,9.51,NA,NA,NA,NA
4-16-2018,MWR205A: Somerville Marginal CSO Treatment Facility Outfall (freshwater discharge),SOM007A/MWR205A,132,-999,42.398244,-71.083419,Y,high tide relief for Somerville Marginal facility
4-16-2018,MWR215: Union Park CSO Storage and Treatment Facility Outfall,MWR215,246,4.3,NA,NA,NA,NA
4-21-2020,MWR205: Somerville Marginal CSO Treatment Facility Outfall (marine discharge),MWR205,95,0.53,NA,NA,NA,NA
4-22-2019,MWR201: Cottage Farm CSO Storage and Treatment Facility Outfall,MWR201,131,5.01,NA,NA,NA,NA
4-22-2019,MWR203: Prison Point CSO Storage and Treatment Facility Outfall,MWR203,579,41.21,NA,NA,NA,NA
4-22-2019,MWR205: Somerville Marginal CSO Treatment Facility Outfall (marine discharge),MWR205,700,9.79,NA,NA,NA,NA
4-22-2019,MWR205A: Somerville Marginal CSO Treatment Facility Outfall (freshwater discharge),SOM007A/MWR205A,322,-999,42.398244,-71.083419,Y,high tide relief for Somerville Marginal facility
4-22-2019,MWR215: Union Park CSO Storage and Treatment Facility Outfall,MWR215,478,6.52,NA,NA,NA,NA
4-23-2019,BOS019: Little Mystic Channel CSO Storage Facility,BOS019,77,-999,42.379753,-71.051689,NA,NA
4-25-2017,MWR203: Prison Point CSO Storage and Treatment Facility Outfall,MWR203,240,6.67,NA,NA,NA,NA
4-25-2017,MWR205: Somerville Marginal CSO Treatment Facility Outfall (marine discharge),MWR205,144,1.63,NA,NA,NA,NA
4-25-2018,MWR205: Somerville Marginal CSO Treatment Facility Outfall (marine discharge),MWR205,138,0.88,NA,NA,NA,NA
4-26-2019,MWR203: Prison Point CSO Storage and Treatment Facility Outfall,MWR203,378,19.91,NA,NA,NA,NA
4-26-2019,MWR205: Somerville Marginal CSO Treatment Facility Outfall (marine discharge),MWR205,300,5.36,NA,NA,NA,NA
4-26-2019,MWR205A: Somerville Marginal CSO Treatment Facility Outfall (freshwater discharge),SOM007A/MWR205A,270,-999,42.398244,-71.083419,Y,high tide relief for Somerville Marginal facility
4-27-2019,MWR215: Union Park CSO Storage and Treatment Facility Outfall,MWR215,90,1.06,NA,NA,NA,NA
5-01-2020,MWR203: Prison Point CSO Storage and Treatment Facility Outfall,MWR203,110,5.3,NA,NA,NA,NA
5-01-2020,MWR205: Somerville Marginal CSO Treatment Facility Outfall (marine discharge),MWR205,156,2.07,NA,NA,NA,NA
5-01-2020,MWR205A: Somerville Marginal CSO Treatment Facility Outfall (freshwater discharge),SOM007A/MWR205A,50,-999,42.398244,-71.083419,Y,high tide relief for Somerville Marginal facility
5-02-2016,MWR205: Somerville Marginal CSO Treatment Facility Outfall (marine discharge),MWR205,59,1.01,NA,NA,NA,NA
5-05-2017,MWR203: Prison Point CSO Storage and Treatment Facility Outfall,MWR203,161,6.6,NA,NA,NA,NA
5-05-2017,MWR205: Somerville Marginal CSO Treatment Facility Outfall (marine discharge),MWR205,176,1.42,NA,NA,NA,NA
5-05-2017,MWR205A: Somerville Marginal CSO Treatment Facility Outfall (freshwater discharge),SOM007A/MWR205A,33,-999,42.398244,-71.083419,Y,high tide relief for Somerville Marginal facility
5-13-2019,MWR205: Somerville Marginal CSO Treatment Facility Outfall (marine discharge),MWR205,92,0.85,NA,NA,NA,NA
5-14-2017,MWR203: Prison Point CSO Storage and Treatment Facility Outfall,MWR203,168,6.21,NA,NA,NA,NA
5-14-2017,MWR205: Somerville Marginal CSO Treatment Facility Outfall (marine discharge),MWR205,92,1.17,NA,NA,NA,NA
5-15-2018,MWR203: Prison Point CSO Storage and Treatment Facility Outfall,MWR203,245,17.52,NA,NA,NA,NA
5-15-2018,MWR205: Somerville Marginal CSO Treatment Facility Outfall (marine discharge),MWR205,182,5.02,NA,NA,NA,NA
5-15-2018,MWR205A: Somerville Marginal CSO Treatment Facility Outfall (freshwater discharge),SOM007A/MWR205A,28,-999,42.398244,-71.083419,Y,high tide relief for Somerville Marginal facility
5-15-2020,MWR205: Somerville Marginal CSO Treatment Facility Outfall (marine discharge),MWR205,121,1.08,NA,NA,NA,NA
5-26-2017,MWR203: Prison Point CSO Storage and Treatment Facility Outfall,MWR203,198,9.13,NA,NA,NA,NA
5-26-2017,MWR205: Somerville Marginal CSO Treatment Facility Outfall (marine discharge),MWR205,215,2.15,NA,NA,NA,NA
5-26-2017,MWR205A: Somerville Marginal CSO Treatment Facility Outfall (freshwater discharge),SOM007A/MWR205A,49,-999,42.398244,-71.083419,Y,high tide relief for Somerville Marginal facility
5-30-2016,MWR203: Prison Point CSO Storage and Treatment Facility Outfall,MWR203,162,9.82,NA,NA,NA,NA
5-30-2016,MWR205: Somerville Marginal CSO Treatment Facility Outfall (marine discharge),MWR205,255,3.1,NA,NA,NA,NA
5-30-2016,MWR205A: Somerville Marginal CSO Treatment Facility Outfall (freshwater discharge),SOM007A/MWR205A,80,-999,42.398244,-71.083419,Y,high tide relief for Somerville Marginal facility
5-30-2016,MWR215: Union Park CSO Storage and Treatment Facility Outfall,MWR215,154,1.19,NA,NA,NA,NA
6-04-2018,MWR205: Somerville Marginal CSO Treatment Facility Outfall (marine discharge),MWR205,56,0.21,NA,NA,NA,NA
6-05-2016,MWR203: Prison Point CSO Storage and Treatment Facility Outfall,MWR203,203,5.11,NA,NA,NA,NA
6-05-2016,MWR205: Somerville Marginal CSO Treatment Facility Outfall (marine discharge),MWR205,208,1.82,NA,NA,NA,NA
6-05-2017,MWR205: Somerville Marginal CSO Treatment Facility Outfall (marine discharge),MWR205,169,0.73,NA,NA,NA,NA
6-05-2018,MWR205: Somerville Marginal CSO Treatment Facility Outfall (marine discharge),MWR205,73,0.1,NA,NA,NA,NA
6-05-2020,MWR205: Somerville Marginal CSO Treatment Facility Outfall (marine discharge),MWR205,45,0.78,NA,NA,NA,NA
6-06-2017,MWR203: Prison Point CSO Storage and Treatment Facility Outfall,MWR203,118,3.04,NA,NA,NA,NA
6-11-2019,MWR205: Somerville Marginal CSO Treatment Facility Outfall (marine discharge),MWR205,54,0.31,NA,NA,NA,NA
6-11-2020,MWR205: Somerville Marginal CSO Treatment Facility Outfall (marine discharge),MWR205,202,2.5,NA,NA,NA,NA
6-13-2017,MWR203: Prison Point CSO Storage and Treatment Facility Outfall,MWR203,83,1.52,NA,NA,NA,NA
6-13-2017,MWR205: Somerville Marginal CSO Treatment Facility Outfall (marine discharge),MWR205,94,2.95,NA,NA,NA,NA
6-13-2019,MWR205: Somerville Marginal CSO Treatment Facility Outfall (marine discharge),MWR205,109,0.56,NA,NA,NA,NA
6-16-2017,MWR201: Cottage Farm CSO Storage and Treatment Facility Outfall,MWR201,150,2.99,NA,NA,NA,NA
6-16-2017,MWR203: Prison Point CSO Storage and Treatment Facility Outfall,MWR203,372,30.28,NA,NA,NA,NA
6-16-2017,MWR205: Somerville Marginal CSO Treatment Facility Outfall (marine discharge),MWR205,340,7.75,NA,NA,NA,NA
6-16-2017,MWR205A: Somerville Marginal CSO Treatment Facility Outfall (freshwater discharge),SOM007A/MWR205A,43,-999,42.398244,-71.083419,Y,high tide relief for Somerville Marginal facility
6-16-2017,MWR215: Union Park CSO Storage and Treatment Facility Outfall,MWR215,157,4,NA,NA,NA,NA
6-20-2019,MWR205: Somerville Marginal CSO Treatment Facility Outfall (marine discharge),MWR205,58,0.4,NA,NA,NA,NA
6-21-2019,MWR203: Prison Point CSO Storage and Treatment Facility Outfall,MWR203,216,11.74,NA,NA,NA,NA
6-21-2019,MWR205: Somerville Marginal CSO Treatment Facility Outfall (marine discharge),MWR205,136,2.29,NA,NA,NA,NA
6-21-2019,MWR205A: Somerville Marginal CSO Treatment Facility Outfall (freshwater discharge),SOM007A/MWR205A,31,-999,42.398244,-71.083419,Y,high tide relief for Somerville Marginal facility
6-21-2019,MWR215: Union Park CSO Storage and Treatment Facility Outfall,MWR215,75,0.74,NA,NA,NA,NA
6-24-2018,MWR205: Somerville Marginal CSO Treatment Facility Outfall (marine discharge),MWR205,181,3.3,NA,NA,NA,NA
6-25-2018,MWR203: Prison Point CSO Storage and Treatment Facility Outfall,MWR203,40,0.42,NA,NA,NA,NA
6-25-2018,MWR205A: Somerville Marginal CSO Treatment Facility Outfall (freshwater discharge),SOM007A/MWR205A,34,-999,42.398244,-71.083419,Y,high tide relief for Somerville Marginal facility
6-27-2017,MWR205: Somerville Marginal CSO Treatment Facility Outfall (marine discharge),MWR205,67,0.55,NA,NA,NA,NA
6-28-2018,MWR203: Prison Point CSO Storage and Treatment Facility Outfall,MWR203,200,13.38,NA,NA,NA,NA
6-28-2018,MWR205: Somerville Marginal CSO Treatment Facility Outfall (marine discharge),MWR205,140,2.96,NA,NA,NA,NA
6-28-2018,MWR205A: Somerville Marginal CSO Treatment Facility Outfall (freshwater discharge),SOM007A/MWR205A,196,-999,42.398244,-71.083419,Y,high tide relief for Somerville Marginal facility
6-28-2020,MWR201: Cottage Farm CSO Storage and Treatment Facility Outfall,MWR201,80,4.03,NA,NA,NA,NA
6-28-2020,MWR203: Prison Point CSO Storage and Treatment Facility Outfall,MWR203,236,13.16,NA,NA,NA,NA
6-28-2020,MWR205: Somerville Marginal CSO Treatment Facility Outfall (marine discharge),MWR205,171,2.1,NA,NA,NA,NA
6-28-2020,MWR205A: Somerville Marginal CSO Treatment Facility Outfall (freshwater discharge),SOM007A/MWR205A,23,-999,42.398244,-71.083419,Y,high tide relief for Somerville Marginal facility
6-28-2020,MWR215: Union Park CSO Storage and Treatment Facility Outfall,MWR215,127,0.44,NA,NA,NA,NA
6-29-2016,MWR203: Prison Point CSO Storage and Treatment Facility Outfall,MWR203,104,2.54,NA,NA,NA,NA
6-29-2016,MWR205: Somerville Marginal CSO Treatment Facility Outfall (marine discharge),MWR205,122,0.7,NA,NA,NA,NA
6-29-2016,MWR205A: Somerville Marginal CSO Treatment Facility Outfall (freshwater discharge),SOM007A/MWR205A,43,-999,42.398244,-71.083419,Y,high tide relief for Somerville Marginal facility
6-29-2019,MWR203: Prison Point CSO Storage and Treatment Facility Outfall,MWR203,160,9.53,NA,NA,NA,NA
6-29-2019,MWR205: Somerville Marginal CSO Treatment Facility Outfall (marine discharge),MWR205,146,4.06,NA,NA,NA,NA
6-29-2019,MWR205A: Somerville Marginal CSO Treatment Facility Outfall (freshwater discharge),SOM007A/MWR205A,34,-999,42.398244,-71.083419,Y,high tide relief for Somerville Marginal facility
6-29-2020,MWR203: Prison Point CSO Storage and Treatment Facility Outfall,MWR203,120,5.47,NA,NA,NA,NA
6-29-2020,MWR205: Somerville Marginal CSO Treatment Facility Outfall (marine discharge),MWR205,82,3.94,NA,NA,NA,NA
6-29-2020,MWR205A: Somerville Marginal CSO Treatment Facility Outfall (freshwater discharge),SOM007A/MWR205A,24,0.097,42.398244,-71.083419,Y,high tide relief for Somerville Marginal facility
6-30-2019,MWR203: Prison Point CSO Storage and Treatment Facility Outfall,MWR203,94,4.72,NA,NA,NA,NA
6-30-2019,MWR205: Somerville Marginal CSO Treatment Facility Outfall (marine discharge),MWR205,93,1.67,NA,NA,NA,NA
7-01-2016,MWR205: Somerville Marginal CSO Treatment Facility Outfall (marine discharge),MWR205,78,0.99,NA,NA,NA,NA
7-06-2018,MWR205: Somerville Marginal CSO Treatment Facility Outfall (marine discharge),MWR205,64,1,NA,NA,NA,NA
7-06-2019,MWR201: Cottage Farm CSO Storage and Treatment Facility Outfall,MWR201,69,2.29,NA,NA,NA,NA
7-06-2019,MWR203: Prison Point CSO Storage and Treatment Facility Outfall,MWR203,222,19.09,NA,NA,NA,NA
7-06-2019,MWR205: Somerville Marginal CSO Treatment Facility Outfall (marine discharge),MWR205,218,5.77,NA,NA,NA,NA
7-06-2019,MWR205A: Somerville Marginal CSO Treatment Facility Outfall (freshwater discharge),SOM007A/MWR205A,36,-999,42.398244,-71.083419,Y,high tide relief for Somerville Marginal facility
7-06-2019,MWR215: Union Park CSO Storage and Treatment Facility Outfall,MWR215,105,1.4,NA,NA,NA,NA
7-12-2017,MWR203: Prison Point CSO Storage and Treatment Facility Outfall,MWR203,162,11.65,NA,NA,NA,NA
7-12-2017,MWR205: Somerville Marginal CSO Treatment Facility Outfall (marine discharge),MWR205,158,5.47,NA,NA,NA,NA
7-12-2017,MWR205A: Somerville Marginal CSO Treatment Facility Outfall (freshwater discharge),SOM007A/MWR205A,20,-999,42.398244,-71.083419,Y,high tide relief for Somerville Marginal facility
7-12-2019,MWR205: Somerville Marginal CSO Treatment Facility Outfall (marine discharge),MWR205,67,0.77,NA,NA,NA,NA
7-14-2020,MWR205: Somerville Marginal CSO Treatment Facility Outfall (marine discharge),MWR205,76,0.48,NA,NA,NA,NA
7-17-2018,BOS019: Little Mystic Channel CSO Storage Facility,BOS019,29,-999,42.379753,-71.051689,NA,NA
7-17-2018,MWR201: Cottage Farm CSO Storage and Treatment Facility Outfall,MWR201,140,11.19,NA,NA,NA,NA
7-17-2018,MWR203: Prison Point CSO Storage and Treatment Facility Outfall,MWR203,345,29.46,NA,NA,NA,NA
7-17-2018,MWR205: Somerville Marginal CSO Treatment Facility Outfall (marine discharge),MWR205,360,9.04,NA,NA,NA,NA
7-17-2018,MWR205A: Somerville Marginal CSO Treatment Facility Outfall (freshwater discharge),SOM007A/MWR205A,123,-999,42.398244,-71.083419,Y,high tide relief for Somerville Marginal facility
7-17-2018,MWR215: Union Park CSO Storage and Treatment Facility Outfall,MWR215,238,8.94,NA,NA,NA,NA
7-17-2019,MWR203: Prison Point CSO Storage and Treatment Facility Outfall,MWR203,103,5.52,NA,NA,NA,NA
7-17-2019,MWR205: Somerville Marginal CSO Treatment Facility Outfall (marine discharge),MWR205,97,2.69,NA,NA,NA,NA
7-17-2019,MWR205A: Somerville Marginal CSO Treatment Facility Outfall (freshwater discharge),SOM007A/MWR205A,18,-999,42.398244,-71.083419,Y,high tide relief for Somerville Marginal facility
7-18-2017,MWR205: Somerville Marginal CSO Treatment Facility Outfall (marine discharge),MWR205,110,1.79,NA,NA,NA,NA
7-18-2017,MWR205A: Somerville Marginal CSO Treatment Facility Outfall (freshwater discharge),SOM007A/MWR205A,58,-999,42.398244,-71.083419,Y,high tide relief for Somerville Marginal facility
7-22-2019,MWR203: Prison Point CSO Storage and Treatment Facility Outfall,MWR203,349,16.95,NA,NA,NA,NA
7-22-2019,MWR205: Somerville Marginal CSO Treatment Facility Outfall (marine discharge),MWR205,337,4.4,NA,NA,NA,NA
7-22-2020,MWR205: Somerville Marginal CSO Treatment Facility Outfall (marine discharge),MWR205,54,0.39,NA,NA,NA,NA
7-23-2019,MWR215: Union Park CSO Storage and Treatment Facility Outfall,MWR215,189,1.14,NA,NA,NA,NA
7-23-2020,MWR203: Prison Point CSO Storage and Treatment Facility Outfall,MWR203,93,4,NA,NA,NA,NA
7-23-2020,MWR205: Somerville Marginal CSO Treatment Facility Outfall (marine discharge),MWR205,45,1.2,NA,NA,NA,NA
7-24-2017,MWR203: Prison Point CSO Storage and Treatment Facility Outfall,MWR203,244,18.14,NA,NA,NA,NA
7-24-2017,MWR205: Somerville Marginal CSO Treatment Facility Outfall (marine discharge),MWR205,242,4.05,NA,NA,NA,NA
7-24-2017,MWR205A: Somerville Marginal CSO Treatment Facility Outfall (freshwater discharge),SOM007A/MWR205A,71,-999,42.398244,-71.083419,Y,high tide relief for Somerville Marginal facility
7-24-2017,MWR215: Union Park CSO Storage and Treatment Facility Outfall,MWR215,151,1.9,NA,NA,NA,NA
7-26-2018,MWR203: Prison Point CSO Storage and Treatment Facility Outfall,MWR203,98,5.72,NA,NA,NA,NA
7-26-2018,MWR205: Somerville Marginal CSO Treatment Facility Outfall (marine discharge),MWR205,94,3.08,NA,NA,NA,NA
7-26-2018,MWR205A: Somerville Marginal CSO Treatment Facility Outfall (freshwater discharge),SOM007A/MWR205A,20,-999,42.398244,-71.083419,Y,high tide relief for Somerville Marginal facility
7-31-2019,MWR205: Somerville Marginal CSO Treatment Facility Outfall (marine discharge),MWR205,96,2.52,NA,NA,NA,NA
7-31-2019,MWR205A: Somerville Marginal CSO Treatment Facility Outfall (freshwater discharge),SOM007A/MWR205A,16,-999,42.398244,-71.083419,Y,high tide relief for Somerville Marginal facility
8-02-2017,MWR203: Prison Point CSO Storage and Treatment Facility Outfall,MWR203,106,2.44,NA,NA,NA,NA
8-04-2018,MWR203: Prison Point CSO Storage and Treatment Facility Outfall,MWR203,74,3.26,NA,NA,NA,NA
8-04-2018,MWR205: Somerville Marginal CSO Treatment Facility Outfall (marine discharge),MWR205,76,0.9,NA,NA,NA,NA
8-07-2019,MWR205: Somerville Marginal CSO Treatment Facility Outfall (marine discharge),MWR205,275,12.56,NA,NA,NA,NA
8-08-2019,MWR201: Cottage Farm CSO Storage and Treatment Facility Outfall,MWR201,225,19.27,NA,NA,NA,NA
8-08-2019,MWR203: Prison Point CSO Storage and Treatment Facility Outfall,MWR203,325,22.29,NA,NA,NA,NA
8-08-2019,MWR205A: Somerville Marginal CSO Treatment Facility Outfall (freshwater discharge),SOM007A/MWR205A,161,-999,42.398244,-71.083419,Y,high tide relief for Somerville Marginal facility
8-08-2019,MWR215: Union Park CSO Storage and Treatment Facility Outfall,MWR215,120,5.26,NA,NA,NA,NA
8-09-2018,MWR205: Somerville Marginal CSO Treatment Facility Outfall (marine discharge),MWR205,39,0.76,NA,NA,NA,NA
8-11-2018,MWR203: Prison Point CSO Storage and Treatment Facility Outfall,MWR203,126,3.95,NA,NA,NA,NA
8-11-2018,MWR205: Somerville Marginal CSO Treatment Facility Outfall (marine discharge),MWR205,209,2.63,NA,NA,NA,NA
8-11-2018,MWR205A: Somerville Marginal CSO Treatment Facility Outfall (freshwater discharge),SOM007A/MWR205A,106,-999,42.398244,-71.083419,Y,high tide relief for Somerville Marginal facility
8-12-2018,MWR203: Prison Point CSO Storage and Treatment Facility Outfall,MWR203,321,28.52,NA,NA,NA,NA
8-12-2018,MWR205: Somerville Marginal CSO Treatment Facility Outfall (marine discharge),MWR205,290,9.74,NA,NA,NA,NA
8-12-2018,MWR205A: Somerville Marginal CSO Treatment Facility Outfall (freshwater discharge),SOM007A/MWR205A,55,-999,42.398244,-71.083419,Y,high tide relief for Somerville Marginal facility
8-12-2018,MWR215: Union Park CSO Storage and Treatment Facility Outfall,MWR215,58,0.97,NA,NA,NA,NA
8-13-2016,MWR205: Somerville Marginal CSO Treatment Facility Outfall (marine discharge),MWR205,87,0.79,NA,NA,NA,NA
8-13-2018,MWR205: Somerville Marginal CSO Treatment Facility Outfall (marine discharge),MWR205,93,0.56,NA,NA,NA,NA
8-14-2018,MWR205: Somerville Marginal CSO Treatment Facility Outfall (marine discharge),MWR205,51,0.88,NA,NA,NA,NA
8-14-2018,MWR205A: Somerville Marginal CSO Treatment Facility Outfall (freshwater discharge),SOM007A/MWR205A,34,-999,42.398244,-71.083419,Y,high tide relief for Somerville Marginal facility
8-17-2018,MWR205: Somerville Marginal CSO Treatment Facility Outfall (marine discharge),MWR205,100,2.17,NA,NA,NA,NA
8-17-2018,MWR205A: Somerville Marginal CSO Treatment Facility Outfall (freshwater discharge),SOM007A/MWR205A,75,-999,42.398244,-71.083419,Y,high tide relief for Somerville Marginal facility
8-22-2016,MWR203: Prison Point CSO Storage and Treatment Facility Outfall,MWR203,137,5.1,NA,NA,NA,NA
8-22-2016,MWR205: Somerville Marginal CSO Treatment Facility Outfall (marine discharge),MWR205,102,0.73,NA,NA,NA,NA
8-22-2018,MWR205: Somerville Marginal CSO Treatment Facility Outfall (marine discharge),MWR205,54,0.63,NA,NA,NA,NA
8-23-2017,MWR205: Somerville Marginal CSO Treatment Facility Outfall (marine discharge),MWR205,61,0.51,NA,NA,NA,NA
8-23-2020,MWR203: Prison Point CSO Storage and Treatment Facility Outfall,MWR203,176,8.54,NA,NA,NA,NA
8-23-2020,MWR205: Somerville Marginal CSO Treatment Facility Outfall (marine discharge),MWR205,115,3.09,NA,NA,NA,NA
8-23-2020,MWR205A: Somerville Marginal CSO Treatment Facility Outfall (freshwater discharge),SOM007A/MWR205A,53,0.43,42.398244,-71.083419,Y,high tide relief for Somerville Marginal facility
8-29-2019,MWR203: Prison Point CSO Storage and Treatment Facility Outfall,MWR203,136,11.05,NA,NA,NA,NA
8-29-2019,MWR205: Somerville Marginal CSO Treatment Facility Outfall (marine discharge),MWR205,134,3.9,NA,NA,NA,NA
8-29-2019,MWR205A: Somerville Marginal CSO Treatment Facility Outfall (freshwater discharge),SOM007A/MWR205A,40,-999,42.398244,-71.083419,Y,high tide relief for Somerville Marginal facility
9-02-2019,MWR201: Cottage Farm CSO Storage and Treatment Facility Outfall,MWR201,84,1.93,NA,NA,NA,NA
9-02-2019,MWR203: Prison Point CSO Storage and Treatment Facility Outfall,MWR203,154,13.48,NA,NA,NA,NA
9-02-2019,MWR205: Somerville Marginal CSO Treatment Facility Outfall (marine discharge),MWR205,151,5.59,NA,NA,NA,NA
9-02-2019,MWR205A: Somerville Marginal CSO Treatment Facility Outfall (freshwater discharge),SOM007A/MWR205A,42,-999,42.398244,-71.083419,Y,high tide relief for Somerville Marginal facility
9-04-2019,MWR205: Somerville Marginal CSO Treatment Facility Outfall (marine discharge),MWR205,102,1.16,NA,NA,NA,NA
9-07-2017,MWR203: Prison Point CSO Storage and Treatment Facility Outfall,MWR203,151,9.54,NA,NA,NA,NA
9-07-2017,MWR205: Somerville Marginal CSO Treatment Facility Outfall (marine discharge),MWR205,174,1.94,NA,NA,NA,NA
9-07-2017,MWR205A: Somerville Marginal CSO Treatment Facility Outfall (freshwater discharge),SOM007A/MWR205A,36,-999,42.398244,-71.083419,Y,high tide relief for Somerville Marginal facility
9-07-2017,MWR215: Union Park CSO Storage and Treatment Facility Outfall,MWR215,89,0.93,NA,NA,NA,NA
9-10-2018,MWR205: Somerville Marginal CSO Treatment Facility Outfall (marine discharge),MWR205,324,1.31,NA,NA,NA,NA
9-11-2018,MWR205A: Somerville Marginal CSO Treatment Facility Outfall (freshwater discharge),SOM007A/MWR205A,122,-999,42.398244,-71.083419,Y,high tide relief for Somerville Marginal facility
9-14-2017,MWR205: Somerville Marginal CSO Treatment Facility Outfall (marine discharge),MWR205,65,0.2,NA,NA,NA,NA
9-18-2018,MWR201: Cottage Farm CSO Storage and Treatment Facility Outfall,MWR201,113,4.28,NA,NA,NA,NA
9-18-2018,MWR203: Prison Point CSO Storage and Treatment Facility Outfall,MWR203,194,12.46,NA,NA,NA,NA
9-18-2018,MWR205: Somerville Marginal CSO Treatment Facility Outfall (marine discharge),MWR205,208,8.17,NA,NA,NA,NA
9-18-2018,MWR205A: Somerville Marginal CSO Treatment Facility Outfall (freshwater discharge),SOM007A/MWR205A,40,-999,42.398244,-71.083419,Y,high tide relief for Somerville Marginal facility
9-23-2016,MWR205: Somerville Marginal CSO Treatment Facility Outfall (marine discharge),MWR205,76,0.48,NA,NA,NA,NA
9-25-2018,MWR203: Prison Point CSO Storage and Treatment Facility Outfall,MWR203,143,11.5,NA,NA,NA,NA
9-25-2018,MWR205: Somerville Marginal CSO Treatment Facility Outfall (marine discharge),MWR205,242,3.41,NA,NA,NA,NA
9-25-2018,MWR205A: Somerville Marginal CSO Treatment Facility Outfall (freshwater discharge),SOM007A/MWR205A,153,-999,42.398244,-71.083419,Y,high tide relief for Somerville Marginal facility
9-30-2017,MWR205: Somerville Marginal CSO Treatment Facility Outfall (marine discharge),MWR205,211,1.32,NA,NA,NA,NA
9-30-2017,MWR205A: Somerville Marginal CSO Treatment Facility Outfall (freshwater discharge),SOM007A/MWR205A,25,-999,42.398244,-71.083419,Y,high tide relief for Somerville Marginal facility
9-30-2020,MWR205: Somerville Marginal CSO Treatment Facility Outfall (marine discharge),MWR205,32,0.9,NA,NA,NA,NA
